No,Label,Text
1,Y,การเก็บข้อมูลการปฏิบัติงานของพนักงานใน
2,Y,การเกษียณ และตรวจสอบหนังสือราชการที่เกี่ยวข้องกับงานบุคคล
3,Y,การเบิกเงินสวัสดิการ
4,Y,การเบิกค่าสินไหมทดแทนประกันอุบัติเหตุกลุ่ม
5,Y,การเป็นผู้ดูแลระบบบริหารงานบุคคล
6,Y,การเปลี่ยนเงื่อนไขการบรรจุ
7,Y,การเลื่อนระดับ การประเมินเพื่อเลื่อนระดับให้สูงขึ้น 
8,Y,การเวียนแจ้งคำสั่ง ประกาศ และระเบียบข้อบังคับต่าง ๆ ของมหาวิทยาลัยที่เกี่ยวกับการบริหารงานบุคคล
9,Y,การแนะนำ ให้คำปรึกษา และให้ข้อมูลในการดำเนินการขอรับการพิจารณากำหนดตำแหน่งทางวิชาการ
10,Y,การแนะนำ ให้คำปรึกษา และให้ข้อมูลในการดำเนินการประเมินผลการสอนเพื่อขอตำแหน่งทางวิชาการ
11,Y,การให้ข้อมูล แนะนำ ตอบข้อซักถาม หรือเสนอแนวทางเกี่ยวกับการบริหารงานบุคคลบริการ
12,Y,การให้คำปรึกษา แนะนำ และถ่ายทอดความรู้ในการเขียนคู่มือปฏิบัติงานและการเขียนประเมินค่างาน รวมถึงการเตรียมตัวเข้าสู่ตำแหน่งที่สูงขึ้น
13,Y,การให้คำปรึกษา แนะนำ ฝึกอบรม และถ่ายทอดความรู้ทางด้านการบริหารงานบุคคล
14,Y,การกำหนดแนวทางการพัฒนาบุคลากร
15,Y,การกำหนดผู้รับผิดชอบภาระงานให้เป็นไปตามตำแหน่งงาน
16,Y,การขอเปลี่ยนแปลงข้อมูลส่วนบุคคลในฐานทะเบียนประวัติ
17,Y,การขอเปลี่ยนตำแหน่ง
18,Y,การขอกลับเข้าปฏิบัติงาน
19,Y,การขอความอนุเคราะห์ตรวจสอบลายนิ้วมือจากพิสูจน์หลักฐาน 
20,Y,การขอตำแหน่งทางวิชาการ
21,Y,การขอบัตรประจำตัวพนักงาน
22,Y,การขอลาออกของบุคลากร
23,Y,การขอหนังสือรับรอง
24,Y,การขออนุญาตสอบแข่งขันเพื่อลาศึกษาต่อ
25,Y,การขออนุมัติเงินเพิ่มสำหรับตำแหน่งวิชาชีพ
26,Y,การขออนุมัติเดินทางไปปฏิบัติงานของบุคลากร
27,Y,การขออนุมัติเรียนภาษาอังกฤษ
28,Y,การจัดเก็บฐานข้อมูลอัตรากำลังของบุคลากร
29,Y,การจัดเตรียมเอกสารการรับสมัครงาน
30,Y,การจัดเตรียมและรวบรวมเอกสารที่ใช้ในการยื่นขอรับการพิจารณากำหนดตำแหน่งฯ
31,Y,การจัดเตรียมประชุม  ทำระเบียบวาระการประชุม  และจัดทำรายงานการประชุมที่เกี่ยวกับงานบุคลากรของคณะศิลปศาสตร์  เช่น  การแก้ไขผลการศึกษา/การประเมินผู้มีความรู้ความสามารถพิเศษประจำคณะ
32,Y,การจัดทำ Work Permit
33,Y,การจัดทำเล่มแผนพัฒนาบุคลากร
34,Y,การจัดทำเอกสารและประสานงานการเลื่อนขั้นเงินเดือน และการพิจารณาความดีความชอบประจำปี
35,Y,การจัดทำเอกสารในการเบิกค่าใช้จ่ายในงานที่เกี่ยวข้อง (ด้านการพัฒนาศักยภาพบุคลากร)
36,Y,การจัดทำเอกสารขอรับการพิจารณากำหนดตำแหน่งที่สูงขึ้น
37,Y,การจัดทำเอกสารขอรับการพิจารณากำหนดตำแหน่งฯ และเสนอมหาวิทยาลัย
38,Y,การจัดทำเอกสารขออนุมัติเดินทางไปปฏิบัติงาน/ค่าลงทะเบียน และการเบิกค่าใช้จ่าย รวมถึงเอกสารที่เกี่ยวข้อง (ด้านการพัฒนาศักยภาพบุคลากร)
39,Y,การจัดทำเอกสารที่เกี่ยวข้องกับการดำเนินการทางวินัยของบุคลากร
40,Y,การจัดทำแผนพัฒนาบุคลากร
41,Y,การจัดทำแฟ้มประวัติบุคลากร
42,Y,การจัดทำใบลงนามการปฏิบัติงานประจำวัน  
43,Y,การจัดทำข้อมูล ประมวลผล และสรุปผลการประเมินคุณภาพการศึกษา ระดับหลักสูตร และ/หรือระดับคณะ
44,Y,การจัดทำข้อมูลทะเบียนประวัติบุคลากร
45,Y,การจัดทำขั้นตอนการขอรับบริการงานบุคคล 
46,Y,การจัดทำขั้นตอนการปฏิบัติงานและคู่มือที่เกี่ยวข้องด้านงานบุคคลเพื่อเผยแพร่ต่อผู้ใช้บริการ
47,Y,การจัดทำคำสั่ง ประกาศ และข้อบังคับ
48,Y,การจัดทำคำสั่งแต่งตั้งคณะกรรมการประเมินการสอนของคณาจารย์ที่จะขอเข้าสู่ตำแหน่งทางวิชาการ
49,Y,การจัดทำฐานข้อมูลผลการประเมินการปฏิบัติงานประจำปีของพนักงาน
50,Y,การจัดทำต่ออายุ VISA
51,Y,การจัดทำบอร์ดความรู้ด้านจรรยาบรรณบุคลากร
52,Y,การจัดทำประกันสุขภาพและอุบัติเหตุให้บุคลากร
53,Y,การจัดทำประชุมคณะอนุกรรมการประเมินผลการสอนฯ
54,Y,การจัดทำรายงานการใช้งบประมาณของหน่วยงาน
55,Y,การจัดทำรายงานการปฏิบัติงานของบุคลากร 
56,Y,การจัดทำรายงานการลาป่วย ลากิจ ลาคลอด ลาพักผ่อน การไปปฏิบัติงาน 
57,Y,การจัดทำรายงานข้อมูลสถิติการปฏิบัติงาน/ให้บริการ
58,Y,การจัดทำรายงานผลการดำเนินงานตามแผนพัฒนาบุคลากร
59,Y,การจัดทำรายงานสรุปภาระงานของบุคลากร
60,Y,การจัดทำหนังสือขออนุมัติขอขยายระยะเวลาศึกษาต่อ
61,Y,การจัดทำหนังสือขออนุมัติทุนศึกษาต่อของบุคลากร
62,Y,การจัดทำหนังสือขออนุมัติลาศึกษาต่อ
63,Y,การจัดปฐมนิเทศบุคลากรใหม่/บุคลากรที่รายงานตัวกลับจากลาศึกษา
64,Y,การจัดประชุมคณะกรรมการประเมินคู่มือปฏิบัติงาน และจัดประชุมคณะกรรมการประเมินค่างาน
65,Y,การจัดประชุมคณะกรรมการประเมินผลการปฏิบัติงาน
66,Y,การจัดระบบประเมินผลการบริหารของผู้บริหารทุกระดับ
67,Y,การจ้างลูกจ้างชั่วคราว 
68,Y,การดำเนินการเกี่ยวกับขออนุมัติจ้างผู้มีความรู้ความสามารถเป็นอาจารย์
69,Y,การดำเนินการเรื่องบัตรผู้บริหารมหาวิทยาลัย ผู้มีความรู้ความสามารถพิเศษและลูกจ้างชั่วคราวมหาวิทยาลัย
70,Y,การดำเนินการจัดทำประกาศของคณะฯ และจัดทำร่างประกาศกรณีต้องออกโดยมหาวิทยาลัย
71,Y,การดำเนินการต่อสัญญาจ้างผู้มีความรู้ความสามารถพิเศษ ผู้ทรงคุณวุฒิ ประจำคณะฯ  / ลูกจ้างชั่วคราวของคณะ
72,Y,การดำเนินงานเกี่ยวกับประกันสังคม
73,Y,การตรวจสอบ และติดตามผลความก้าวหน้าในการลาศึกษาต่อของอาจารย์ภายในสังกัดคณะฯ เพื่อรวบรวมข้อมูลใช้ในการทำแผนพัฒนาอาจารย์ และงานบริหารตำแหน่งและอัตรากำลังของคณะฯ รวมทั้งส่งให้หน่วยงานกองการเจ้าหน้าที่รับทราบ
74,Y,การตรวจสอบ ติดตาม และสรุปผลการลงเวลาปฏิบัติงานของ เจ้าหน้าที่ และอาจารย์ เป็นประจำทุกเดือน
75,Y,การตรวจสอบเอกสารการขออนุมัติลาทุกประเภท
76,Y,การตรวจสอบเอกสารของผู้สมัครงาน
77,Y,การตรวจสอบและจัดทำเอกสารการโยกย้ายและเปลี่ยนตำแหน่ง
78,Y,การตรวจสอบและจัดทำเอกสารการลาศึกษาต่อ
79,Y,การตรวจสอบการจ้างงาน
80,Y,การตรวจสอบการมาปฏิบัติงาน
81,Y,การตรวจสอบครบกำหนดการลาศึกษาต่อ
82,Y,การตรวจสอบคุณสมบัติและเอกสารที่ใช้ในการยื่นขอกำหนดตำแหน่งที่สูงขึ้น
83,Y,การตรวจสอบคุณสมบัติและเอกสารที่ใช้ขอประเมินผลการสอนเพื่อขอตำแหน่งทางวิชาการ
84,Y,การตรวจสอบคุณสมบัติของบุคลากรในการขอตำแหน่งทางวิชาการ
85,Y,การตรวจสอบผลงานทางวิชาการ
86,Y,การติดตามผลการประเมินภาระงานจากกรรมการ
87,Y,การติดตามผลการรายงานการฝึกอบรม วิจัย เผยแพร่ผลงาน ประชุม สัมมนา ศึกษาดูงาน
88,Y,การติดตามภาระงานของบุคลากร
89,Y,การทาบทามผู้ทรงคุณวุฒิและแต่งตั้งคณะกรรมการประเมินคู่มือปฏิบัติงานและคณะกรรมการประเมินค่างาน
90,Y,การทาบทามผู้ทรงคุณวุฒิและแต่งตั้งคณะกรรมการประเมินผลการปฏิบัติงาน
91,Y,การทำบัตรประกันสังคม/ขึ้นทะเบียนประกันสังคมบุคลากรใหม่
92,Y,การบรรจุและแต่งตั้งบุคลากร
93,Y,การบริหารจัดการกรอบอัตรากำลัง
94,Y,การบันทึกการตรวจสอบวันลา
95,Y,การบันทึกการลาของพนักงานในระบบบริหารงานบุคคล 
96,Y,การบันทึกข้อมูลการพัฒนาศักยภาพของบุคลากรในระบบบริหารงานบุคคล
97,Y,การประเมินทดลองงานของบุคลากร
98,Y,การประเมินผลการสอนฯ
99,Y,บันทึกใบลาป่วยอาจารย์ปรัชญา นวนแก้ว
100,Y,ทำบันทึกใบลาป่วย ให้อาจารย์
101,Y,การประชาสัมพันธ์ เผยแพร่ความรู้ด้านสวัสดิการ การประกันภัยอุบัติเหตุ สิทธิรักษาพยาบาล 
102,Y,การประชาสัมพันธ์ด้านการปฏิบัติตามคุณธรรม จริยธรรม และจรรยาบรรณของบุคลากร
103,Y,การประมวลผลการสอนของพนักงานสายวิชาการ FTE
104,Y,การประสานงานเลื่อนขั้นเงินเดือน และการพิจารณาความดีความชอบ
105,Y,การประสานงานกองทุนสำรองเลี้ยงชีพ
106,Y,การประสานงานกับกองการเจ้าหน้าที่
107,Y,การประสานงานกับหน่วยกฎหมายและผู้ที่เกี่ยวข้อง
108,Y,การประสานงานการเซ็นสัญญาตำแหน่งบริหาร และการรับเงินประจำตำแหน่ง
109,Y,การประสานงานการคุมสอบของอาจารย์
110,Y,การประสานงานการจอง-คืน หอพัก
111,Y,การประสานงานการถ่ายทะเบียนประวัติ และการทำบัตรพนักงาน
112,Y,การประสานงานด้านทุนการศึกษาสำหรับบุคลากร
113,Y,การประสานงานด้านลูกจ้างชั่วคราวต่างประเทศ หรือ ผู้มีความรู้ความสามารถพิเศษ
114,Y,การประสานงานหน่วยงานภายนอกในการพัฒนาศักยภาพของบุคลากร
115,Y,การปรับประสบการณ์การทำงาน
116,Y,การปรับปรุงเนื้อหาบนเว็บไซต์คณะที่เกี่ยวข้องกับงานบุคคล
117,Y,การปรับปรุงแผนพัฒนาบุคลากร
118,Y,การปรับปรุงแผนพัฒนาบุคลากรให้เป็นปัจจุบัน
119,Y,การปรับปรุงฐานข้อมูลทำเนียบบุคลากร
120,Y,การยื่นผลภาษาอังกฤษเพื่อปรับเงินเดือน
121,Y,การยื่นสำเร็จการศึกษาของบุคลากร
122,Y,การรวบรวมภาระงานของบุคลากร และรายงานให้ผู้บังคับบัญชารับทราบ
123,Y,การรวบรวมภาระงานพิจารณาเลื่อนเงินเดือนสายวิชาการ ทั้งภาระงานสอน งานวิจัย บริการวิชาการ งานที่ได้รับมอบหมายโดยคำสั่งแต่งตั้งจากคณะ การส่วนร่วมในโครงการ กิจกรรม และเป็นกรรมการต่าง ๆ ของคณะ
124,Y,การร่วมประสานการจัดทำข้อตกลงความร่วมมือทางวิชาการ MOU 
125,Y,การรับ / การลาออก ของพนักงานมหาวิทยาลัยและลูกจ้างชั่วคราวคณะฯ
126,Y,การรับผิดชอบในเรื่องการขออนุมัติศึกษาดูงาน อบรม หรือทำวิจัย ณ ต่างประเทศ 
127,Y,การรับผิดชอบในเรื่องการร่างและเสนอหนังสือขอรับค่าตอบแทนสำหรับผู้ปฏิบัติงานเกี่ยวกับศพ
128,Y,การรายงานตัวเข้าเป็นพนักงานมหาวิทยาลัยของคณะฯ
129,Y,การรายงานผลการดำเนินงานตามแผนบริหารความเสี่ยง
130,Y,การรายงานผลการประเมินคู่มือปฏิบัติงาน และรายงานผลการประเมินค่างาน
131,Y,การรายงานผลการประเมินผลการปฏิบัติงาน
132,Y,การรายงานผลการประเมินผลการสอนเพื่อขอตำแหน่งทางวิชาการ
133,Y,การวางแผนการดำเนินงานและติดตามผลการพัฒนาบุคลากร
134,Y,การวางแผนการดำเนินงานการประเมินผลการปฏิบัติงานให้เป็นไปตามระยะเวลาที่กำหนด
135,Y,การวิเคราะห์และคัดแยกประเภทหนังสือราชการ
136,Y,การศึกษารายละเอียดการปฏิบัติงานที่เกี่ยวข้องและ วิธีการเขียนคู่มือปฏิบัติงานตามประกาศมหาวิทยาลัย
137,Y,การส่งผลพิจารณาผู้สมัครเป็นพนักงานมหาวิทยาลัย (ผู้มีความรู้ความสามารถพิเศษ)
138,Y,การส่งผลพิจารณาผู้สมัครเป็นพนักงานมหาวิทยาลัย (อาจารย์)
139,Y,การส่งผลพิจารณาผู้สมัครเป็นลูกจ้างชั่วคราวสายสนับสนุน
140,Y,การส่งภาระงานของบุคลากร
141,Y,การสรรหา และแต่งตั้งคณะกรรมการประจำส่วนงาน
142,Y,การสรรหากรรมการประจำคณะฯ จากคณาจารย์ประจำ 
143,Y,การสรรหาบุคลากรใหม่
144,Y,การสรุปแผนกลยุทธ์ด้านการพัฒนาบุคลากร
145,Y,การสรุปการเดินทางไปราชการของอาจารย์ประจำเดือน ในแต่ละเดือน ทุก ๆ เดือน
146,Y,การสรุปข้อมูลการพัฒนาศักยภาพบุคลากร
147,Y,การสรุปผลการประเมินคู่มือปฏิบัติงานและสรุปผลการประเมินค่างาน     
148,Y,การสรุปผลการประเมินผลการปฏิบัติงาน
149,Y,การสรุปผลการประเมินผลการสอนเพื่อขอตำแหน่งทางวิชาการ
150,Y,การสอบข้อเท็จจริง กรณี ที่เกี่ยวข้องกับบุคลากร
151,Y,การสอบข้อเท็จจริงกรณีการแก้ไขผลการศึกษา ส่งผลการศึกษาช้าและการเป็นกรรมการคุมสอบ
152,Y,การสัมภาษณ์ผู้สมัครงาน
153,Y,การสำรวจความต้องการพัฒนาบุคลากร
154,Y,การออกเลขหนังสือภายใน-ภายนอก ที่เกี่ยวข้องกับงานบุคคล
155,Y,การออกหนังสือภาคทัณฑ์  
156,Y,การออกหนังสือรับการตักเตือน  
157,Y,การออกหนังสือรับรองความประพฤติ    
158,Y,ดำเนินการจัดส่งเอกสารและทำการเวียนแจ้งทาง E-mail และประชาสัมพันธ์จากกองการเจ้าหน้าที่
159,Y,ประสานงานและดำเนินการประเมินการทดลองการปฏิบัติงานของพนักงานมหาวิทยาลัย  (ภาระงาน)  / ลูกจ้างชั่วคราวสายสนับสนุน
160,N,รายงานผลการใช้จ่ายจริงประจำเดือน
161,N,ให้คำปรึกษา แนะนำ ในการดำเนินงานด้านการเงิน
162,N,คืนเงินยืมทดรองจ่าย
163,N,คืนเงินยืมทดรองจ่าย
164,N,คุมใบเสร็จรับเงินการคืนเงินทดรองจ่าย
165,N,งานด้านการบัญชี – มีการตรวจสอบเอกสารงานด้านการบัญชีของสมุดบัญชีกองทุนเพื่อนิสิต มหาวิทยลัย
166,N,จัดกิจกรรมแลกเปลี่ยนเรียนรู้ด้านการเงินและบัญชีให้บุคลากรภายในคณะ
167,N,จัดทำเอกสารเบิกจ่ายงบประมาณภายนอก
168,N,จัดทำเอกสารเบิกจ่ายงบประมาณรายได้
169,N,จัดทำใบเสร็จรับเงินให้แก่ผู้บริจาค
170,N,จัดทำใบขอเบิกเงิน
171,N,จัดทำใบยืมเงินทดรองจ่าย
172,N,จัดทำใบอนุโมทนาบัตร ในระบบ e-donation
173,N,จัดทำฐานข้อมูลการใช้จ่ายจริงใน Microsoft Excel
174,N,จัดทำทะเบียนคุมเอกสารเบิกจ่ายเงินงบประมาณรายได้
175,N,จัดทำทะเบียนคุมงบประมาณ
176,N,จัดทำทะเบียนคุมสมุดคู่มือเบิกเงิน  เพื่อจ่ายเงิน รวมทั้งล้างยอดเงินในสมุดคู่มือเบิกเงิน  เมื่อมีการรับเงินจากกองคลัง ของมหาวิทยาลัย
177,N,จัดทำบัญชีเงินสด และบัญชีแยกประเภทต่างๆ  เพื่อรายงานต่อคณะกรรมการควบคุมภายในของคณะ  เป็นประจำทุกเดือน
178,N,จัดทำบัญชีรับ-จ่าย ของกองทุน
179,N,จัดทำบันทึกคุมการเบิกจ่ายเงิน ทั้งกรณีสำรองจ่าย และเคลียร์ยืมเงินทดรองจ่าย
180,N,จัดทำบันทึกคุมการส่งเอกสารคืนแก้ไขจากคณะ และกองคลัง
181,N,จัดทำหนังสือรับรองหัก ณ ที่จ่าย เงินรายได้และเงินนอกงบประมาณ
182,N,ตรวจสอบเอกสารการเบิกจ่ายค่าใช้จ่ายโครงการคณะและสาขาวิชา
183,N,ตรวจสอบเอกสารการเบิกจ่ายงบประมาณภายนอก
184,N,ตรวจสอบเอกสารการเบิกจ่ายงบประมาณรายได้
185,N,ตรวจสอบเอกสารประกอบการเบิกจ่ายทุกประเภททั้งสำรองจ่ายและทดรองจ่ายเพื่อให้เป็นไปตามกฎ และระเบียบการเบิกจ่ายมหาวิทยาลัยพะเยา
186,N,ตรวจสอบการขออนุมัติค่าใช้จ่ายขอเปลี่ยนแปลงงบประมาณค่าใช้จ่ายการขอใช้งบประมาณโครงการเงิยรายได้คณะศิลปศาสตร์ในระบบ E-Budget
187,N,ตรวจสอบงบประมาณที่ได้รับจัดสรร ตามหมวดรายจ่ายที่ได้กับรายการที่เบิกจ่ายตามหมวดรายจ่ายทุกประเภท รวมทั้งงบประมาณในการจัดซื้อจัด จ้าง ของคณะ ทุกประเภท
188,N,ติดตามผู้ยืมเงินทดรองจ่าย
189,N,นำส่งเงินกองทุนเพื่อการศึกษา
190,N,นำส่งเงินรายได้
191,N,นำส่งภาษีหัก ณ ที่จ่าย
192,N,ประสานงานกับผู้เกี่ยวข้องในการดูแลระบบ e-Budget
193,N,พิมพ์เอกสารการเงิน  เพื่อการรับ จ่าย เงินประเภทต่างๆ ของคณะ  ควบคุมบัญชีการรับ-จ่ายเงินทุกประเภทของคณะ ทั้งที่เป็น โครงการ   กิจกรรม และการเงินของงานบริการวิชาการและทำนุบำรุงศิลปะวัฒนธรรม เงินนอกงบประมาณ เงินงบบูรณาการฯ ตลอดจนเงินทุนต่างๆ
194,N,รับเอกสารคืนแก้ไขจากกองคลัง  
195,N,รับผิดชอบดูแลระบบ Microsoft Dynamic AX2009
196,N,รับผิดชอบดูแลระบบติดตามเอกสารการเงิน
197,N,รายงานการหักภาษี ณ ที่จ่าย ให้แก่มหาวิทยาลัย
198,N,รายงานบัญชีกองทุนเพื่อนิสิต
199,N,รายงานลูกหนี้เงินยืมทดรองจ่าย ประจำเดือน
200,N,สแกนเอกสารการเบิกจ่ายงบประมาณของหน่วยงาน
201,N,ส่งเอกสารกลับคืนแก่ต้นเรื่อง และแจกแจงรายละเอียด ข้อผิดพลาดที่เกิดขึ้น
202,N,ตรวจสอบการขออนุมัติค่าใช้จ่ายขอเปลี่ยนแปลงงบประมาณค่าใช้จ่ายการขอใช้งบประมาณโครงการเงิยรายได้คณะศิลปศาสตร์ในระบบ E-Budget
203,N,เขียนเลขครุภัณฑ์
204,N,เพื่อลงบันทึกการจัดซ่อมครุภัณฑ์
205,N,ให้คำปรึกษา แนะนำ ในการดำเนินงานด้านพัสดุ
206,N,ให้บริการ ยืม คืน ครุภัณฑ์ ของคณะตามแนวปฏิบัติที่คณะกำหนด
207,N,ให้บริการรับ เรื่องการเบิกจ่าย
208,N,ให้บริการรับ เรื่องการซ่อมแซม  และดำเนินการด้านเอกสารในการส่งซ่อมครุภัณฑ์ และการเบิกจ่าย
209,N,กรอกข้อมูลครุภัณฑ์ ในระบบ Microsoft Dynamics AX
210,N,จัดเก็บใบงานของคนขับรถตู้
211,N,จัดเก็บสำเนาเอกสารจัดซื้อจัดจ้าง
212,N,จัดเก็บสำเนาใบเบิกครุภัณฑ์
213,N,จัดเก็บสำเนาใบเบิกวัสดุคงทนถาวร (ครุภัณฑ์ต่ำกว่าเกณฑ์
214,N,จัดจ้าง มพ.กค.01
215,N,จัดทำเอกสารเบิกจ่ายค่าน้ำมันรายเดือน
216,N,จัดทำใบเบิกวัสดุ และบันทึกข้อมูลใบเบิกวัสดุ
217,N,จัดทำใบตรวจรับพัสดุ ในระบบ Microsoft Dynamics AX 2009
218,N,จัดทำใบสั่งซื้อ/สั่งจ้าง ในระบบ Microsoft Dynamics AX 2009
219,N,จัดทำข้อมูลและสรุปผลการดำเนินการจัดซื้อจัดจ้าง และเผยแพร่ให้กับบุคลากรทราบ
220,N,จัดทำทะเบียนประวัติครุภัณฑ์
221,N,จัดทำบัญชีคุมครุภัณฑ์ ( ใบเบิกสีเขียว)
222,N,จัดทำบัญชีคุมวัสดุคงทนถาวร (ใบเบิกสีเหลือง)
223,N,จัดทำบันทึกขออนุมัติจัดซื้อ/จัดจ้าง
224,N,จัดทำรายละเอียดบัญชี หรือทะเบียนควบคุมทรัพย์สิน
225,N,จัดทำรายละเอียดบัญชี หรือทะเบียนควบคุมทรัพย์สิน
226,N,จัดทำสมุดตาราง เวลา การใช้รถตู้
227,N,จัดทำหนังสือขอความอนุเคราะห์ใช้รถ (กรณี ใช้รถจากส่วนงานอื่น)
228,N,จัดทำหนังสือรายงานขอจัดซื้อ/จัดจ้าง มพ.กค.02
229,N,จัดทำหนังสือรายงานผลการพิจารณา และขออนุมัติจัดซื้อ/จัดจ้าง มพ.กค.03
230,N,จัดรถตู้รับและส่งบุคลากรของมหาวิทยาลัย
231,N,ดำเนินการ ด้านเอกสาร การจัดทำเอง จัดซื้อ จัดหา ว่าจ้าง ตรวจรับ แลกเปลี่ยน การเช่า  การควบคุม เก็บรักษา การสึกหรอ ประโยชน์ใช้สอย สมรรถภาพ ค่าบริการ อะไหล่  บำรุงรักษา ความแข็งแรงทนทาน และ ศึกษาค้นคว้ารายละเอียดวัสดุ  เพื่อกำหนดมาตรฐานและคุณภาพของพัสดุ เสนอความเห็น จัดระบบทะเบียนคุมพัสดุ ทุกประเภทของคณะ  โดยประสานงาน วางแผนงาน ให้คำปรึกษา แนะนำ ปรับปรุงแก้ไข ติดตามประเมินผล และแก้ปัญหา ขัดข้อง ในการจัดทำทะเบียนคุมวัสดุของสาขาวิชาต่างๆ  และของส่วนกลางของคณะทั้งหมด
232,N,"ดำเนินการจัดซื้อ/จัดจ้างซ่อมแซมเครื่องมือทางวิทยาศาสตร์ในห้องปฏิบัติการและวัสดุสำนักงาน,ครุภัณฑ์สำนักงาน"
233,N,ดำเนินการจัดซื้อ/จัดจ้างวัสดุ ครุภัณฑ์ และสารเคมีลงในระบบ ERP
234,N,ดำเนินการจัดซื้อ/จัดจ้างวัสดุสำนักงาน หมึกพิมพ์ กระดาษ
235,N,ตรวจเช็ค การยืม-คืน วัสดุ/ ครุภัณฑ์
236,N,ตรวจเช็คเอกสารเพื่อดำเนินการควบคุมเบิกจ่าย
237,N,ตรวจเช็คประวัติการซ่อมครุภัณฑ์ ในระบบ  http://intra.up.ac.th/main/upservice/ 
238,N,ตรวจเช็ควัสดุสำนักงานคงเหลือ เสนอต่อผู้บริหารเพื่อดำเนินประกอบการพิจารณา การสั่งซื้อวัสดุสำนักงาน
239,N,ตรวจเช็คสัญญาซื้อ/จ้าง และติดตามเมื่อใกล้ครบสัญญา
240,N,ตรวจรับค่าน้ำมันรายเดือน
241,N,ตรวจสอบพัสดุและความพร้อมในการใช้งาน
242,N,ตรวจสอบสภาพรถเบื้องต้น และเช็คระยะการบำรุงรักษาตามระยะเวลา
243,N,ตรวจสอบหนังสือขออนุมัติจัดซื้อ/
244,N,ติดต่อประสานงานร้านค้า บริษัท และตัวแทนจำหน่าย ในการติดต่อสั่งซื้อ/สั่งจ้าง และจัดส่งใบสั่งซื้อ/สั่งจ้าง จากระบบERPมหาวิทยาลัยพะเยาเพื่อดำเนินจัดซื้อวัสดุสำนักงาน วัสดุสารเคมีและครุภัณฑ์
245,N,ติดตามเกี่ยวกับเอกสารในการจัดซื้อ/จัดจ้าง กรรมการเซ็นสั่งซื้อ กรรมการเซ็นเบิก กรรมการเซ็นตรวจรับ วัสดุสำนักงาน วัสดุสารเคมีและครุภัณฑ์
246,N,ถ่ายเอกสารเก็บข้อมูลในส่วนของที่เป็นเอกสารจัดซื้อ/จัดจ้าง/จ้างซ่อม เข้าแฟ้ม
247,N,ทำบันทึกข้อความต่างๆที่เกี่ยวกับวัสดุสำนักงาน วัสดุสารเคมีและครุภัณฑ์
248,N,บันทึกข้อมูล การยืม-คืน พัสดุ
249,N,บันทึกข้อมูลและควบคุมการใช้รถ
250,N,"ปฎิบัติงานตาม พระราชบัญญัติการจัดซื้อจัดจ้าง และการบริหารพัสดุภาครัฐ พ.ศ. 2560 , ระเบียบกระทรวงการคลังว่าด้วยการจัดซื้อจัดจ้าง และการบริหารพัสดุภาครัฐ พ.ศ. 2560 และกฎกระทรวง  อย่างเคร่งครัด"
251,N,ประสานกับกองพัสดุกลางในการดำเนินงานที่เกี่ยวของกับงานพัสดุของคณะเภสัชศาสตร์ ในด้านต่างๆ
252,N,ประสานงานและสำรวจความต้องการจากผู้เกี่ยวข้องในการจัดซื้อจัดจ้าง
253,N,รวบรวมข้อมูลและดำเนินการจัดทำแผนจัดซื้อจัดจ้างเพื่อส่งไปยังมหาวิทยาลัย
254,N,รายงานทะเบียนครุภัณฑ์การศึกษา  ครุภัณฑ์สำนักงาน  ครุภัณฑ์ คอมพิวเตอร์  ของคณะ  ในรอบปีงบประมาณที่ผ่านมา ภายใน 30 วัน นับจากวันสิ้นปีงบประมาณ
255,N,วางแผนการดำเนินงานการจัดทำแผนจัดซื้อจัดจ้างประจำปีงบประมาณ
256,N,สรุปรายงานวัสดุคงเหลือประจำเดือน ต่อกองคลังของมหาวิทยาลัย ผ่านคณะฯ
257,N,ออกเลขที่หนังสือในการจัดซื้อ/จัดจ้างวัสดุสำนักงาน วัสดุสารเคมีและครุภัณฑ์
258,N,เขียน Script  
259,N,เขียนข่าวกิจกรรม
260,N,เผยแพร่ข่าวกิจกรรมผ่านช่องทางการสื่อสารต่าง ๆ
261,N,เผยแพร่รายงานประจำปี
262,N,เผยแพร่วิดีทัศน์
263,N,เผยแพร่สื่อประชาสัมพันธ์
264,N,ให้คำปรึกษา แนะนำ และถ่ายทอดความรู้ทางด้านการประชาสัมพันธ์
265,N,ให้บริการข้อมูลทางวิชาการเกี่ยวกับการประชาสัมพันธ์
266,N,กำหนดแนวทางการประชาสัมพันธ์ กิจกรรมและโครงการของหน่วยงาน
267,N,จัดเตรียมของที่ระลึก
268,N,จัดทำแผนการประชาสัมพันธ์ กิจกรรมและโครงการของหน่วยงาน
269,N,จัดทำฐานข้อมูลกิจกรรมหน่วยงาน
270,N,จัดทำรายงานประจำปี
271,N,จัดทำรายงานผลการประเมินรับรู้ด้านประชาสัมพันธ์ข่าวสาร
272,N,จัดทำวารสารเพื่อเผยแพร่ข้อมูลข่าวสารของหน่วยงาน
273,N,จัดทำสไลด์แนะนำหน่วยงาน รวมถึงเอกสารที่เกี่ยวข้อง
274,N,ถ่ายทำ ตัดต่อ บรรยายเสียงและใส่ภาพประกอบวิดีทัศน์ 
275,N,บันทึกภาพกิจกรรม
276,N,ประสานงานกับผู้มาศึกษาดูงานและเยี่ยมชมหน่วยงาน
277,N,ประสานงานกับสื่อมวลชน
278,N,รวบรวมแผนการดำเนินงาน กิจกรรมและโครงการของหน่วยงาน
279,N,รวบรวมข้อมูลการดำเนินงานประจำปีของหน่วยงาน
280,N,รวบรวมข่าวสารตามสื่อต่าง ๆ ที่เกี่ยวข้องกับหน่วยงาน
281,N,รวบรวมภาพกิจกรรมเพื่อใช้สำหรับการดำเนินงานต่าง ๆ ภายในหน่วยงาน
282,N,วางแผนการดำเนินงานการจัดทำวิดีทัศน์แนะนำหน่วยงาน
283,N,วางแผนการดำเนินงานการผลิตสื่อ
284,N,ศึกษาและรวบรวมข้อมูลที่เกี่ยวข้องเพื่อใช้ในการผลิตสื่อประชาสัมพันธ์
285,N,ศึกษาและรวบรวมข่าวสารต่าง ๆ และเอกสารความรู้ในแต่ละด้านเพื่อใช้ในการประชาสัมพันธ์
286,N,ออกแบบ Storyboard
287,N,ออกแบบและตัดต่อสื่อประชาสัมพันธ์
288,N,ให้บริการเบิก-จ่ายวัสดุทุกประเภท และจัดทำบัญชีคุมทะเบียนวัสดุของห้องปฏิบัติการที่รับผิดชอบ  โดยให้สอดคล้องกับประกาศที่เกี่ยวข้องของมหาวิทยาลัย
289,N,ให้บริการทางวิชาการแก่สังคม ตามหน้าที่ที่รับผิดชอบในโครงการที่เกี่ยวข้องของสาขาวิชา และของคณะ
290,N,การเตรียมความพร้อม ทบทวน เนื้อหาที่เกี่ยวข้องในการเรียนการสอนในรายวิชาปฏิบัติการที่ได้รับผิดชอบ
291,N,การเป็นผู้ช่วยสอนในรายวิชาที่มีภาคปฏิบัติการ 
292,N,การให้คำปรึกษาแนะนำเบื้องต้นเกี่ยวกับอุปกรณ์ และเครื่องมือในห้องปฏิบัติการ แก่ นิสิต และบุคลากรภายในและภายนอกที่ขอใช้บริการ
293,N,การจัดตารางการใช้ห้องเรียนสำหรับการเรียนการสอนภาคปฏิบัติการในแต่ละภาคการศึกษา และเก็บข้อมูลสถิติการใช้งานห้องปฏิบัติการ
294,N,การช่วยคุมสอบ ในการสอบภาคปฏิบัติการ
295,N,การช่วยจัดเตรียมเอกสาร ใบงาน วัสดุ ครุภัณฑ์ สำหรับการทดลองในห้องปฏิบัติการ
296,N,การช่วยตรวจใบงาน แบบฝึกหัด  ในการเรียนการสอนภาคปฏิบัติการ
297,N,การตรวจสอบและแจ้งซ่อม หรือแทงจำหน่ายครุภัณฑ์ประจำปีในห้องปฏิบัติการที่รับผิดชอบตามแบบฟอร์มพัสดุ
298,N,การตรวจสอบครุภัณฑ์ในห้องปฏิบัติการที่รับผิดชอบประจำปีตามแบบฟอร์มพัสดุ
299,N,การทบทวนเนื้อหาในภาคปฏิบัติการแก่นิสิต นอกเวลาชั่วโมงเรียนปฏิบัติการ เพื่อให้นิสิตเกิดความรู้ความเข้าใจในรายวิชาที่สอนมากยิ่งขึ้น
300,N,กำจัดขยะของห้องปฏิบัติการที่รับผิดชอบ  ตามระบบที่สาขาวิชาหรือหัวหน้างานห้องปฏิบัติการกำหนด และตามมาตรฐานของห้องปฏิบัติการในสาขาวิชาที่เกี่ยวข้อง
301,N,จัดเก็บของเสียจากปฏิบัติการต่าง ๆ ที่รับผิดชอบโดยแยกเก็บไว้เป็นหมวดหมู่
302,N,จัดเตรียมเตรียมวัสดุวิทยาศาสตร์ อุปกรณ์การสอนภาคปฏิบัติ  และโสตทัศนูปกรณ์ต่างๆ  ของห้องปฏิบัติการที่รับผิดชอบให้เป็นไปตามวัน เวลา และวิธีการที่อาจารย์ผู้สอนมอบหมาย
303,N,จัดเตรียมอุปกรณ์สำหรับการเบิก-จ่าย สารเคมี วัสดุอุปกรณ์แก่นิสิต อาจารย์
304,N,ช่วยอาจารย์ควบคุมปฏิบัติการในการให้คำแนะนำและดูแลนิสิตขณะทำปฏิบัติการ
305,N,ดูแล ตรวจสอบให้ห้องปฏิบัติการของสาขาวิชามีความสะอาด เป็นระเบียบ พร้อมใช้ และปลอดภัย เก็บ/บำรุงรักษา วัสดุ ครุภัณฑ์ มิให้สูญหายหรือชำรุดจากเหตุอันไม่บังควร ดูแลสภาพแวดล้อมในห้องปฏิบัติการมิให้เกิดภัยอันตรายต่อสุขภาพแก่ผู้ใช้งาน ตามมาตรฐานของห้องปฏิบัติการในสาขาวิชาที่เกี่ยวข้อง
306,N,ดูแลรักษาและตรวจสอบห้องปฏิบัติการ อันประกอบด้วย เครื่องมือ วัสดุอุปกรณ์ระบบสาธารณูปโภค ให้อยู่ในสภาพพร้อมใช้งานและปลอดภัยอยู่เสมอ
307,N,ตรวจเช็คสารเคมีและวัสดุที่ต้องใช้ในภาคการศึกษาต่อไป
308,N,รวบรวม จัดเก็บข้อมูลครุภัณฑ์การศึกษาของห้องปฏิบัติการที่รับผิดชอบให้ถูกต้อง เป็นปัจจุบัน  รับผิดชอบการยืม-คืนครุภัณฑ์  และการส่งซ่อมครุภัณฑ์การศึกษาที่ชำรุด โดยให้สอดคล้องกับประกาศที่เกี่ยวข้องของคณะ
309,N,เขียนชุดคำสั่ง ทดสอบความถูกต้องของคำสั่ง แก้ไขข้อผิดพลาดของคำสั่ง เพื่อให้ระบบปฏิบัติการทำงานได้อย่างถูกต้องแม่นยำและมีประสิทธิภาพมากที่สุด
310,N,เขียนชุดคำสั่งตามข้อกำหนดของระบบงานประยุกต์ และระบบข้อมูลที่ได้วางแผนไว้แล้ว เพื่อสนับสนุนการปฏิบัติงานเทคโนโลยีสารสนเทศให้ดำเนินไปได้อย่างราบรื่น
311,N,ให้บริการติดตั้ง แก้ไขปัญหาขัดข้อง และการควบคุมโสตทัศนูปกรณ์ เพื่อใช้ในการเรียนการสอน  การจัดโครงการ / กิจกรรม ต่างๆ
312,N,การจัดทำแผนพัฒนาระบบฐานข้อมูลของคณะ
313,N,การจัดอบรมการใช้งานสารสนเทศให้แก่บุคลากรในคณะ
314,N,การตรวจสอบการทำงานของเว็บไซต์คณะตามระยะที่กำหนด
315,N,การบำรุงรักษาระบบฐานข้อมูล
316,N,การประชาสัมพันธ์ สารสนเทศบนเว็บไซด์ของคณะ
317,N,การประสานงานกับศูนย์บริการเทคโนโลยีสารสนเทศและการสื่อสาร 
318,N,การปรับปรุงเนื้อหาบนเว็บไซต์คณะ
319,N,การพัฒนาฐานข้อมูลอื่น ๆ ตามความต้องการของผู้ใช้งาน และการปรับปรุงฐานข้อมูล
320,N,การรับผิดชอบระบบสารสนเทศ 
321,N,การศึกษาโปรแกรมที่เกี่ยวข้องเพื่อนำมาประยุกต์ใช้ในงานต่าง ๆ
322,N,การสนับสนุนการใช้งานฐานข้อมูลของหน่วยงานต่าง ๆ ในคณะ
323,N,การสำรองข้อมูลเว็บไซต์ของคณะ
324,N,การออกแบบและดูแลการพัฒนาเว็บไซต์คณะ
325,N,การออกแบบและพัฒนาฐานข้อมูลตามนโยบายคณะ
326,N,ควบคุมคุณภาพเครื่องคอมพิวเตอร์ และระบบเครือข่ายของคณะ
327,N,ช่วยรวบรวมข้อมูลและวิเคราะห์ ออกแบบ และพัฒนาระบบงานประยุกต์ เพื่อให้ได้ระบบงานประยุกต์ที่ตรงตามคุณลักษณะและความต้องการของหน่วยงาน
328,N,ช่วยรวบรวมข้อมูลและวิเคราะห์ความต้องการของระบบงานประยุกต์ และระบบข้อมูลของหน่วยงานที่ไม่ซับซ้อน เพื่อพัฒนาระบบงานเทคโนโลยีสารสนเทศในหน่วยงานให้มีประสิทธิภาพ และตรงตามความต้องการของหน่วยงานมากที่สุด
329,N,ดูแลระบบงานคอมพิวเตอร์
330,N,ตรวจสอบคุณสมบัติด้านเทคนิคของระบบ
331,N,ติดตั้งเครื่องคอมพิวเตอร์ส่วนบุคคล ชุดคำสั่งระบบปฏิบัติการ ชุดคำสั่งสำเร็จรูป ระบบเครือข่ายคอมพิวเตอร์และอุปกรณ์ที่เกี่ยวข้อง เพื่ออำนวยการให้งานเทคโนโลยีสารสนเทศในความรับผิดชอบดำเนินไปได้อย่างราบรื่นและสอดคล้องกับความต้องการของหน่วยงาน
332,N,ติดตั้งและดูแลเครื่องคอมพิวเตอร์ส่วนบุคคลของบุคลากร
333,N,ทดสอบคุณสมบัติด้านเทคนิคของระบบ เพื่อให้ระบบมีคุณสมบัติที่ถูกต้อง ตรงตามความต้องการและสภาพการใช้งานของหน่วยงานอยู่เสมอ
334,N,ประมวลผลและปรับปรุงแก้ไขแฟ้มข้อมูล เพื่อให้ข้อมูลที่ได้ถูกต้องแม่นยำมากที่สุด
335,N,ประสานงานด้านจัดทำสารสนเทศของคณะ  ติดตาม ตรวจสอบ เพื่อปรับปรุงข้อมูลให้ทันสมัยและอ้างอิงได้
336,N,พัฒนาเว็บไซต์ของคณะ  ตรวจสอบ ปรับปรุงข้อมูลให้ทันสมัยและอ้างอิงได้
337,N,พัฒนาระบบงานเทคโนโลยีสารสนเทศในหน่วยงานให้มีประสิทธิภาพ ตรงตามความต้องการ
338,N,รวบรวมข้อมูลประกอบการกำหนดคุณลักษณะเฉพาะของเครื่องคอมพิวเตอร์และอุปกรณ์ ระบบเครือข่าย ระบบงานประยุกต์และระบบสารสนเทศ การจัดการระบบการทำงานเครื่อง การติดตั้งระบบเครื่อง เพื่อให้ได้อุปกรณ์คอมพิวเตอร์ที่เป็นมาตรฐานเดียวกันทั้งหน่วยงาน และตรงตามความต้องการ ลักษณะการใช้งานของหน่วยงาน
339,N,การเร่งรัดการเบิกจ่ายงบประมาณให้เป็นไปตามแผนที่กำหนดไว้
340,N,การให้ข้อมูลประกอบการจัดทำรายงานประจำปีของมหาวิทยาลัย
341,N,การควบคุมการใช้งบประมาณและการขออนุมัติเบิกจ่ายงบประมาณ 
342,N,การจัดทำแผนกลยุทธ์เพื่อการพัฒนาคณะ และแผนปฏิบัติการประจำปี
343,N,การจัดทำแผนการใช้จ่ายงบประมาณรายได้ 
344,N,การจัดทำแผนครุภัณฑ์การศึกษา 5 ปี (แผ่นดิน)
345,N,การจัดทำการปรับแผนการใช้งบประมาณ และโอนหมวดเงิน
346,N,การจัดทำข้อมูลประกอบการขอครุภัณฑ์การศึกษา (แผ่นดิน)
347,N,การจัดทำข้อมูลประกอบการของบประมาณรายจ่าย (แผ่นดิน)
348,N,การจัดทำคำของบประมาณรายได้ 
349,N,การจัดทำระบบ e-Budget ของคณะ และประสานงานผู้รับผิดชอบโครงการกรอกข้อมูลลงระบบ 
350,N,การดำเนินการปรับ/แก้ไข/ประสานงานกองแผน ในการใช้งานระบบ Budget เบื้องต้น
351,N,การตรวจการขออนุมัติโครงการในแผนปฏิบัติการประจำปี
352,N,การติดตาม ประเมินผล วิเคราะห์ แผนงาน/โครงการ ในแผนปฏิบัติการประจำปี
353,N,การติดตามผลการดำเนินงานตามแผนกลยุทธ์ และรายงานผลการดำเนินงานตามแผนปฏิบัติการประจำปี
354,N,การรวบรวมเอกสารเพื่อรับรองการประเมินที่เกี่ยวข้องกับแผนกลยุทธ์และแผนปฏิบัติการจากหน่วยงานภายนอก
355,N,การรวบรวมข้อมูลในการจัดทำรายงานประจำปีของคณะ
356,N,การรายงานผลการดำเนินงานตามแผนกลยุทธ์ และรายงานผลการดำเนินงานตามแผนปฏิบัติการประจำปี
357,N,การสรุปจำนวนความสำเร็จของ KPIs ของแผนปฏิบัติการประจำปี
358,N,การสรุปจำนวนความสำเร็จของ KPIs ของกลยุทธ์เพื่อการพัฒนาคณะ
359,N,การสรุปจำนวนความสำเร็จของ KPIs ตามนโยบายของอธิการบดี
360,N,กำหนดนโยบายการประกันคุณภาพการศึกษา
361,N,ขอปรับแผนตามความต้องการของสาขาวิชาและคณะ เสนอกองแผนงาน
362,N,ขออนุมัติโอนหมวดเงิน
363,N,ควบคุม ดูแล ตรวจสอบ ติดตามการประกันคุณภาพการศึกษาภายในคณะ 
364,N,"จัดทำแผนคณะ, จัดทำแผนกลยุทธ์ของคณะ"
365,N,จัดทำคู่มือในการติดตามและประเมินผล เพื่อเป็นแนวทางในการปฏิบัติงาน
366,N,ดำเนินการจัดโครงการ/กิจกรรม ตามแผนปฏิบัติการ
367,N,ติดตามและประเมินผลความสอดคล้องกันระหว่างปรัชญา ปณิธาน นโยบายและวัตถุประสงค์ กับแผนงานต่าง ๆ ของคณะฯ ที่กำหนดขึ้น
368,N,สรุปผลการดำเนินงานตามแผนปฏิบัติการในงบประมาณประจำปี รอบ 12 เดือน (ตุลาคม – กันยายน)
369,N,สรุปผลการดำเนินงานตามแผนปฏิบัติการในงบประมาณประจำปี รอบ 6 เดือน (ตุลาคม – มีนาคม)
370,N,สรุปผลการดำเนินงานตามแผนปฏิบัติการในงบประมาณประจำปี รอบ 9 เดือน (ตุลาคม – มิถุนายน)
371,N,การเตรียมความพร้อมและจัดเตรียมสถานที่จัดพิธีการและกิจกรรมต่างๆ ของคณะ
372,N,การเป็นผู้ประสานงานรับเรื่องการแจ้งซ่อมบำรุงต่อกองอาคารสถานที่
373,N,การควบคุมและดูแลการใช้อุปกรณ์ประเภทเครื่องเสียง และ/หรือ เครื่องฉาย
374,N,การควบคุมการผลิตวัสดุอุปกรณ์ที่ใช้จัดแสดง และ/หรือ การบรรยาย
375,N,การจองห้องประชุมต่าง ๆ และห้องต่าง ๆ ในความรับผิดชอบของคณะ
376,N,การจัดหาและการเก็บรักษาวัสดุอุปกรณ์ต่าง ๆ ที่เกี่ยวข้องกับงานโสตทัศนศึกษา
377,N,การดูแลและประสานงานแม่บ้าน และ รปภ. ภายในอาคารของคณะ
378,N,การตรวจเช็คกล้องวงจรปิดของคณะ
379,N,การทำหน้าที่ตรวจเช็ค ดูแลวัสดุอุปกรณ์ภายในห้องต่าง ๆ ของคณะ ให้พร้อมใช้งาน
380,N,การรวบรวมข้อมูลทางวิชาการนำมาดัดแปลงและเผยแพร่ในรูปแบบโสตทัศนูปกรณ์ต่าง ๆ เช่น การเลือกใช้เทคนิคหรืออุปกรณ์ในการสอน การบรรยาย และประชุม
381,N,การสำรวจ ตรวจสอบอุปกรณ์ที่เสียหาย และส่งซ่อมบำรุง
382,N,การอำนวยความสะดวกต่อผู้มาติดต่อใช้สถานที่และอุปกรณ์ต่าง ๆ ภายในคณะ        
383,N,การเผยแพร่รายงานผลการสำรวจและประเมินผล 
384,N,การงานด้านเลขานุการการประเมินคุณภาพการศึกษา ระดับหลักสูตร และ/หรือ ระดับคณะ
385,N,การจัดเตรียมข้อมูลการประกันคุณภาพการศึกษา
386,N,การจัดเตรียมความพร้อมงานทุกด้านที่เกี่ยวข้องกับการจัดกิจกรรมการแลกเปลี่ยนเรียนรู้ (KM)
387,N,การจัดเตรียมความพร้อมงานทุกด้านที่เกี่ยวข้องกับการตรวจประเมินคุณภาพการศึกษา ระดับหลักสูตร และ/หรือ ระดับคณะ       
388,N,การจัดการเอกสารพัสดุ และเอกสารการเงินของกิจกรรม
389,N,การจัดทำแผนและปฏิทินการประกันคุณภาพการศึกษา
390,N,การจัดทำแผนและปฏิทินสำรวจและประเมินผล
391,N,การจัดทำข้อมูล ประมวลผล และสรุปผลการประเมินคุณภาพการศึกษา ระดับหลักสูตร และ/หรือระดับคณะเพื่อการปรับปรุงพัฒนาในปีถัดไป        
392,N,การจัดทำข้อมูลและเอกสารสำหรับรายงานการประเมินตนเอง (Self-Assessment Report : SAR) 
393,N,การจัดทำข้อมูลต่าง ๆ และรายงานผลการสำรวจและประเมินผล ในประเด็นต่าง ๆ จำแนกตามหลักสูตร และ/หรือ ภาพรวมของคณะ
394,N,การจัดทำข้อมูลพื้นฐานการประกันคุณภาพการศึกษา (Common Data Set) และข้อมูลรายงานการประเมินตนเอง (Self-Assessment Report : SAR) ระดับหลักสูตร ในระบบประกันคุณภาพการศึกษา (UP-QA)
395,N,การจัดทำข้อมูลรายงานการประเมินตนเอง (Self-Assessment Report : SAR) ระดับหลักสูตร และระดับคณะ ในระบบ CHE QA Online
396,N,การจัดทำข้อมูลรายงานผลการประเมิน/ตรวจสอบ (Committee Assessment Report : CAR) ระดับหลักสูตร และระดับคณะ ในระบบ CHE QA Online        
397,N,การจัดทำข้อมูลรายงานผลการประเมิน/ตรวจสอบ (Committee Assessment Report : CAR) ระดับหลักสูตร ในระบบประกันคุณภาพการศึกษา (UP-QA)       
398,N,การจัดทำรายงานผลการสำรวจและประเมินผล ในประเด็นต่าง ๆ ในภาพรวมของคณะ และจำแนกเป็นรายหลักสูตร
399,N,การจัดประชุมคณะกรรมการประกันคุณภาพการศึกษา
400,N,การดำเนินการสำรวจและประเมินผล ในประเด็นต่าง ๆ กับกลุ่มเป้าหมายที่กำหนดไว้
401,N,การดำเนินกิจกรรมแลกเปลี่ยนเรียนรู้ (ICT KM) ด้านงานแผนงาน งานวิจัยและบริการวิชาการ และงานประกันคุณภาพการศึกษา
402,N,การประสานกับงานประกันคุณภาพการศึกษา กองบริการการศึกษา 
403,N,การประสานงานวางกรอบผู้กำกับ ผู้รวบรวมข้อมูล สร้างความเข้าใจ และส่งเสริมการแลกเปลี่ยนเรียนรู้
404,N,การรวบรวมและวิเคราะห์ข้อมูลสำรวจและประเมินผล ในประเด็นต่าง ๆ ด้วยวิธีการทางสถิติ
405,N,การร่วมการประชุมและแลกเปลี่ยนเรียนรู้ในประเด็นด้านการประกันคุณภาพการศึกษา 
406,N,การวางแผน ประสานงานการทำงาน และดำเนินกิจกรรม
407,N,การวางแผนการประเมิน รูปแบบการประเมิน แบบสอบถาม/สำรวจ/ประเมิน ในประเด็นต่าง ๆ
408,N,การสรุปผลการจัดกิจกรรม และจัดทำรายงานสรุปผลการดำเนินกิจกรรม
409,N,เก็บรักษา ยืม และทำลายหนังสือราชการ
410,N,เกษียณหนังสือและเสนอให้คณบดี/รองคณบดี เพื่อลงนามและสั่งการ
411,N,เสนอแฟ้มไปยังอธิการบดี/รองอธิการบดี เพื่อลงนามหรือสั่งการ
412,N,แจกจ่ายหนังสือและเอกสารต่าง ๆ ให้กับงานภายในคณะ
413,N,แจ้งผู้รับ ด้วยวาจาทางโทรศัพท์/E-Mail/Messenger/Line
414,N,ให้คำปรึกษา แนะนำ ในการดำเนินงานด้านธุรการ
415,N,กรอกข้อมูลในระบบ UP-ITA
416,N,กรอกข้อมูลคุมพัสดุ และรายงานการเบิกจ่ายพัสดุ
417,N,การรายงานการควบคุมภายใน ประจำปี
418,N,การรายงานผลการดำเนินงานแผนปฏิบัติการป้องกันและปราบปรามการทุจริต รอบ 12 เดือน
419,N,การรายงานผลการดำเนินงานแผนปฏิบัติการป้องกันและปราบปรามการทุจริต รอบ 6 เดือน
420,N,การรายงานผลการดำเนินงานตามแผนบริหารความเสี่ยงและควบคุมภายใน รอบ 12 เดือน
421,N,การรายงานผลการดำเนินงานตามแผนบริหารความเสี่ยงและควบคุมภายใน รอบ 6 เดือน
422,N,คัดแยกจดหมาย พัสดุ
423,N,งานแจ้งเวียนหนังสือราชการ คำสั่ง ประกาศ หรือหนังสืออื่น ให้หน่วยงานและผู้เกี่ยวข้องรับทราบ
424,N,จัดประชุมคณะกรรมการดำเนินงานจัดทำแผนปฏิบัติการป้องกันและปราบปรามการทุจริตประจำปี
425,N,จัดประชุมคณะกรรมการดำเนินงานประเมินคุณธรรมและความโปร่งใส
426,N,จัดส่งไปรษณีย์
427,N,จัดส่งหนังสือต่าง ๆ ตามส่วนงาน ภายในมหาวิทยาลัย
428,N,ดูแลระบบสารสนเทศการบริหารวัสดุคงคลัง IMS
429,N,ตรวจสอบและตรวจทานหนังสือ
430,N,ตรวจสอบตารางการใช้ห้อง
431,N,ติดตามการกรอกแบบประเมินผู้มีส่วนได้ส่วนเสีย
432,N,ถ่ายเอกสาร และสแกนหนังสือ
433,N,นำจดหมายใส่ตู้ส่วนตัวของบุคลากร
434,N,บันทึกข้อมูล OIT
435,N,บันทึกค่าใช้จ่ายในระบบ UP-Postal
436,N,รวบรวมแผนการดำเนินงาน
437,N,รวบรวมข้อมูลและดำเนินการจัดทำแผนเพื่อส่งไปยังมหาวิทยาลัย
438,N,รับผิดชอบดูแลและแก้ปัญหาระบบสารบรรณอิเล็กทรอนิกส์ (UP-DMS)
439,N,รับผิดชอบดูแลระบบ UP-ITA
440,N,รับ-ส่ง และลงทะเบียนหนังสือราชการทั้งภายในและภายนอก
441,N,รับหนังสือจากส่วนงานต่าง ๆ ภายในมหาวิทยาลัย ที่ส่งถึงคณะ
442,N,ร่างและจัดพิมพ์หนังสือโต้ตอบ
443,N,รายงานการเบิกจ่ายวัสดุ/รายงานแสดงการรับ-จ่าย วัสดุ/รายงานสรุปการรับเข้า-เบิกจ่าย-คงเหลือ
444,N,ลงคุมการรับจ่าย จดหมาย/
445,N,วิเคราะห์และคัดแยกหนังสือให้ส่วนงานหรือบุคคลที่เกี่ยวข้อง
446,N,วิเคราะห์ความเสี่ยง
447,N,สืบค้นหนังสือ ติดตามหนังสือจากภายในและภายนอกคณะ
448,N,เข้าร่วมประชุมกับงานวิจัยของมหาวิทยาลัย
449,N,การเป็นคณะกรรมการและคณะทำงานตามโครงการตามแผน และโครงการนอกแผนปฏิบัติการของคณะ
450,N,การโครงการ 1 คณะ 1 SI และงานวิจัยที่บูรณาการเข้ากับโครงการ
451,N,การโครงการวิจัยสนองพระราชดำริฯ 
452,N,การจัดการองค์ความรู้จากผลงานวิจัย
453,N,การดำเนินโครงการวิจัยงบประมาณแผ่นดินและโครงการ อพ.สธ.
454,N,การดำเนินงานเครือข่ายวิจัยและบริการวิชาการ (MOU)
455,N,การดำเนินงานนวัตกรรมและสร้างรายได้สู่ชุมชน ท้องถิ่นและสังคม
456,N,การดูแลและประสานงานโครงการวิจัยงบประมาณรายได้คณะฯ และงบประมาณทุนส่วนตัว
457,N,การดูแลระบบฐานข้อมูลวิจัย
458,N,การติดตามและรวบรวมรายงานความก้าวหน้าการวิจัยเสนอคณะกรรมการประจำคณะ และมหาวิทยาลัย
459,N,การประสานงานและเผยแพร่งานวิจัย
460,N,การประสานงานและดูแลการรับรองการนำผลงานวิจัย/งานสร้างสรรค์ไปใช้ประโยชน์
461,N,การประสานงานโครงการและการจัดกิจกรรมวิจัยของคณะ และมหาวิทยาลัย
462,N,การประสานงานโครงการวิจัยงบประมาณจากแหล่งทุนภายนอก (หมวดวิจัย)
463,N,การประสานงานโครงการวิจัยงบประมาณรายได้มหาวิทยาลัย
464,N,การประสานงานการขอรางวัลเผยแพร่ผลงานวิจัย
465,N,การประสานงานการจัดทำแผนพัฒนางานวิจัย
466,N,การประสานงานการจัดประชุมที่เกี่ยวข้องกับการวิจัย
467,N,การประสานงานฐานข้อมูลงานวิจัยมหาวิทยาลัยพะเยา
468,N,การรวบรวมข้อมูล เอกสาร หลักฐานเกี่ยวกับการประกันคุณภาพการศึกษาในตัวบ่งชี้ด้านงานวิจัยของคณะฯ
469,N,การรับผิดชอบระบบสารสนเทศ เพื่อบริหารงานวิจัยของคณะ
470,N,จัดทำเอกสารในการประชุมคณะกรรมการวิจัยของคณะ
471,N,จัดทำสัญญาเพื่อขอรับการสนับสนุนทุนวิจัยงบประมาณรายได้คณะฯ และมหาวิทยาลัย ส่งกองบริหารงานวิจัย 
472,N,ติดต่อ ประสานงานวิจัยระหว่างอาจารย์ในคณะกับกองบริหารงานวิจัย
473,N,ติดต่อประสานงานกับคณะกรรมการวิจัยคณะ
474,N,ประชาสัมพันธ์ทุนสนับสนุนโครงการวิจัยของคณะ และมหาวิทยาลัย พร้อมทั้งประสานงาน ด้านการวิจัยของคณะศิลปศาสตร์/มหาวิทยาลัยและหน่วยงานภายนอก
475,N,รวบรวมเอกสารงานวิจัยของอาจารย์ในคณะส่งกองบริหารงานวิจัย
476,N,การเป็นคณะกรรมการจ่ายข้อสอบของมหาวิทยาลัย 
477,N,การเป็นคณะกรรมการทำลายข้อสอบของมหาวิทยาลัย รวบรวม และตรวจสอบข้อสอบที่ส่งมาทำลาย
478,N,การเปิด-ปิด เปลี่ยนแปลงรายวิชาของอาจารย์
479,N,การเพิ่ม-ถอน รายวิชาของนิสิต
480,N,การให้คำแนะนำและคำปรึกษาในด้านการจัดการเรียนการสอนแก่อาจารย์และนิสิต
481,N,การให้คำแนะนำและคำปรึกษาการยื่นสำเร็จการศึกษาแก่นิสิต และ/หรือ อาจารย์
482,N,การให้คำแนะนำและคำปรึกษาด้านงานทะเบียนนิสิตแก่อาจารย์และนิสิต
483,N,การจัดเตรียมการกำหนดการ สถานที่และเส้นทางการนิเทศ ผู้ประสานงานและผู้เดินทางไปนิเทศนิสิต ฝึกงาน/สหกิจศึกษาและงบประมาณการนิเทศ
484,N,การจัดทำ(โรเนียว)ข้อสอบ ตามกำหนดเวลาจากกองบริการการศึกษา
485,N,การจัดทำและส่งเอกสารต่าง ๆ ที่เกี่ยวเนื่องกับการจัดทำหลักสูตรใหม่ และปรับปรุงหลักสูตรเก่า
486,N,การจัดประชุมคณะกรรมการนิเทศฝึกงานและสหกิจศึกษา 
487,N,การดำเนินงานการยื่นสำเร็จการศึกษา ระดับปริญญาตรี
488,N,การดำเนินงานงานรับ-ส่ง บันทึกข้อความและหนังสือของหน่วยวิชาการ
489,N,การดำเนินงานนิเทศฝึกงานและสหกิจศึกษา ของนิสิตหลักสูตรปกติ
490,N,การดำเนินงานรับเข้านิสิต
491,N,การดูแล ประสานงาน และให้บริการรับเรื่องและเอกสารด้านการยื่นสำเร็จการศึกษาแก่นิสิต
492,N,การดูแลและประสานงานด้านวิชาการแก่อาจารย์และนิสิต
493,N,การดูแลและประสานงานอาจารย์และนิสิตด้านงานทะเบียนวิชาการ อาทิ ลงทะเบียนเรียน เพิ่ม-ถอนรายวิชาของนิสิต เทียบโอนรายวิชา ย้ายสาขา และลาออกจากการศึกษา
494,N,การบริหารงบประมาณการดำเนินงาน และรายงานผลการใช้จ่ายงบประมาณแก่ผู้บริหาร
495,N,การประชาสัมพันธ์การยื่นสำเร็จการศึกษา
496,N,การประชาสัมพันธ์การส่งต้นฉบับข้อสอบ รับต้นฉบับข้อสอบจากอาจารย์  และส่งต้นฉบับข้อสอบให้กองบริการการศึกษา ตามช่วงเวลาการจัดสอบกลางภาคและปลายภาคการศึกษา
497,N,การประชาสัมพันธ์ข้อมูลข่าวสารของหน่วยวิชาการผ่านโซเชียลมีเดีย และช่องทางต่าง ๆ
498,N,การประชาสัมพันธ์ช่วงเวลาการสอบ ตารางคุมสอบ และจุดจ่ายข้อสอบ
499,N,การประชาสัมพันธ์หลักสูตรของคณะผ่านโซเชียลมีเดีย และช่องทางต่าง ๆ
500,N,การประสานงานในการจัดการเรียนการสอน ระหว่างนิสิต อาจารย์ และกองบริการการศึกษา
501,N,การประสานงานกับกองบริการการศึกษา เพื่อตรวจสอบและติดตามเอกสารงานทะเบียนวิชาการของอาจารย์และนิสิต
502,N,การประสานงานกับกองบริการการศึกษา เพื่อตรวจสอบและติดตามการยื่นสำเร็จการศึกษา
503,N,การประสานงานกับกองบริการการศึกษาด้านทะเบียนวิชาการของอาจารย์และนิสิต
504,N,การรวบรวม และ/หรือ จัดทำเอกสารประกอบการไปปฏิบัติงานนิเทศนิสิตฝึกงาน/สหกิจศึกษา
505,N,การรวบรวมและตรวจสอบการจัดทำหลักสูตรตามกรอบมาตรฐานคุณวุฒิระดับอุดมศึกษาแห่งชาติ
506,N,การรายงานผู้บังคับบัญชาและประสานงาน เพื่อแก้ไขปัญหาของนิสิตด้านการยื่นสำเร็จการศึกษา
507,N,การรายงานผู้บังคับบัญชาและประสานงานเพื่อแก้ไขปัญหาของอาจารย์และนิสิตด้านวิชาการ
508,N,การลงทะเบียนเรียนของนิสิต
509,N,การลาพักการศึกษาและการลาออกจากการศึกษาของนิสิต
510,N,การวางแผน จัดทำปฏิทินการดำเนินงาน และจัดประชุมแผนการดำเนินงานสาขาวิชา
511,N,การวางแผนและจัดทำปฏิทินการดำเนินงานโครงการรับเข้านิสิตของมหาวิทยาลัยและคณะ
512,N,การสอบระดับบัณฑิตศึกษา ได้แก่ สอบโครงร่างวิทยานิพนธ์  การสอบวิทยานิพนธ์การสอบประมวลความรู้และการสอบวัดคุณสมบัติ
513,N,การสอบระดับปริญญาโท/ปริญญาเอก
514,N,ขออนุมัติจัดทำหลักสูตรระยะสั้นตามขั้นตอนของมหาวิทยาลัย
515,N,คำร้อง (เอกสารและออนไลน์) เช่น ย้ายสาขาวิชา รีรหัส เทียบรายวิชา ลาพักการศึกษา สำเร็จการศึกษา ขอคืนสภาพการเป็นนิสิต
516,N,งานธุรการ (หลักสูตรศศ.ม./ศศ.ด. ภาษาอังกฤษ และหลักสูตรศศ.ม./ศศ.ด. สาขาวิชาภาษาศาสตร์ประยุกต์) รวมถึงประสานงานระหว่างบุคลากรในสาขาวิชา รับเข้า-ส่งออกเอกสาร
517,N,งานธุรการงานวิชาการ (รับเข้า-ส่งออก) ส่งต่อเอกสารและรวบรวมจากสาขาวิชา รวมถึงการติดต่อประสานงานกับบุคลากรในคณะ
518,N,งานรับเข้าเอกสาร กระจายเอกสารจากกองบริการการศึกษาส่งกลับทางอีเมล
519,N,จัดทำแบบฟอร์มและประชาสัมพันธ์การเทียบรายวิชาฯ
520,N,จัดทำคำสั่งคณะกรรมการควบคุมการสอบฯ
521,N,จัดส่งรายชื่อนิสิตที่ยื่นเทียบรายวิชาให้กองบริการการศึกษาเพื่อย้ายหมู่เรียน
522,N,ดำเนินงานเกี่ยวกับการนำเสนอการศึกษาค้นคว้าด้วยตัวเอง รวมถึงการตีพิมพ์เอกสารการศึกษาค้นคว้าด้วยตนเองของนิสิต (ตั้งแต่ ตุลาคม 2556 เป็นต้นมา – ปัจจุบัน)
523,N,ดำเนินงานเกี่ยวกับระบบ I-Thesis ของนิสิตระดับบัณฑิตศึกษา
524,N,ดำเนินงานบัณฑิตศึกษาที่เกี่ยวข้องกับการดำเนินการการศึกษาค้นคว้าด้วยตนเองของนิสิตระดับบัณฑิตศึกษา แผน ก /แผน ข และปริญญาเอก สาขาวิชาภาษาอังกฤษ
525,N,ตรวจสอบและประชาสัมพันธ์แบบฟอร์มการรับสมัครนิสิตสอบเพื่อพัฒนาผลการเรียนฯ
526,N,ตรวจสอบและประชาสัมพันธ์การรับสมัครสอบฯ
527,N,ตรวจสอบหลักฐานการเทียบรายวิชาฯ
528,N,ตารางสอนและตารางสอบ
529,N,ประกาศรายชื่อนิสิตมีสิทธิ์สอบฯ
530,N,ประชาสัมพันธ์รับสมัครนิสิตอบรมฯ
531,N,ประสานงาน และขอความอนุเคราะห์แปลสำหรับคณะกรรมการแปลและขัดเกลา
532,N,ประสานประธานหลักสูตรจัดทำหลักสูตรระยะสั้น
533,N,รวบรวมคะแนนการสอบฯ พร้อมทั้งส่งคะแนนสอบให้อาจารย์ผู้สอนเป็นรายบุคคล
534,N,รวบรวมจำนวนนิสิตและจัดห้อง และตารางคุมสอบฯ
535,N,รับเรื่องการขอความอนุเคราะห์แปลฯ หรือจากบุคคลภายนอก
536,N,วางแผนและกำหนดปฏิทินการจัดทำหลักสูตรระยะสั้น (Non-Degree)
537,N,วางแผนและกำหนดปฏิทินการทดสอบวัดความรู้ภาษาอังกฤษฯ
538,N,วางแผนและกำหนดปฏิทินการอบรมฯ
539,N,วางแผนการเทียบรายวิชาหมวดศึกษาทั่วไป รายวิชาภาษาอังกฤษ
540,N,วางแผนการจัดสอบเพื่อพัฒนาผลการเรียนฯ
541,N,ส่งผลสอบฯ ให้กองบริการการศึกษาเพื่อประกาศผลสอบทาง REG
542,N,ส่งหลักสูตรระยะสั้นให้ผู้ทรงคุณวุฒิเพื่อให้ความเห็น
543,N,หลักสูตร (การดำเนินการจัดทำ มคอ.2) (หลักสูตรศศ.ม./ศศ.ด. ภาษาอังกฤษ และหลักสูตร ศศ.ม./ศศ.ด. สาขาวิชาภาษาศาสตร์ประยุกต์)
544,N,อาจารย์ที่ปรึกษา/อาจารย์ที่ปรึกษาการศึกษาค้นคว้าด้วยตนเอง/วิทยานิพนธ์
545,N,การบริหารจัดการโครงการคุณภาพนิสิตประจำคณะ
546,N, กรอกรายละเอียดแบบฟอร์มในระบบ iServices UP
547,N,  ตรวจสอบเอกสารและเสนอรองคณบดีฝ่ายคุณภาพนิสิต
548,N,โครงการพัฒนาการจัดการเรียน การสอน และการประเมินผล
549,N,การเป็นที่ปรึกษาสุขภาพจิตนิสิต
550,N,การดำเนินงานโครงการวิชาการ
551,N,การดำเนินงานกีฬาและนันทนาการ
552,N,การดำเนินงานทำนุบำรุงศิลปวัฒนธรรม
553,N,การดำเนินงานทุนการศึกษาคณะ ได้แก่ งานทุนกู้ยืม 5% กยศ และกองทุนเพื่อการศึกษา
554,N,การดำเนินงานพัฒนาสิ่งแวดล้อมนิสิต
555,N,การดำเนินงานวินัยนิสิต
556,N,การดำเนินงานสโมสรนิสิตประจำคณะ
557,N,การบริหารงบประมาณโครงการคุณภาพนิสิตตามแผนงาน
558,N,การบริหารจัดการโครงการวิชาการประจำคณะ
559,N,การบันทึกข้อมูลหน่วยกิตกิจกรรม และกรอกข้อมูลระบบทรานสคริปกิจกรรมของคณะ
560,N,การประสานกับผู้รับผิดชอบในกองบริการการศึกษา เกี่ยวกับข้อมูลในโครงการภายใต้ Project Idea 
561,N,การรับผิดชอบโครงการภายใต้ Project Idea ของมหาวิทยาลัย 
562,N,การวางแผนโครงการคุณภาพนิสิตประจำปีงบประมาณ
563,N,กำกับดูแลในการจัดกิจกรรมของสโมสรนิสิตคณะศิลปศาสตร์
564,N,ค้นหาวิทยากรที่มีความรู้เฉพาะด้านที่เสริมทักษะให้กับนิสิต
565,N,จองสนามกีฬากลางของมหาวิทยาลัยพะเยาเมื่อมีกิจกรรมของคณะศิลปศาสตร์ผ่านระบบ   iServices UP
566,N,จัดตั้งโครงการ ขออนุมัติการดำเนินกิจกรรมผ่านระบบ e-budget ซึ่งประกอบไปด้วยการเขียนรายละเอียดหลักการและเหตุผลขอโครงการ ตัวชี้วัดในการดำเนินโครงการและข้อมูลที่เกี่ยวข้องกับโครงการ
567,N,จัดทำแบบฟอร์มการเก็บข้อมูลและแบบประเมินของนิสิตที่เข้าร่วมโครงการ
568,N,ตรวจสอบความถูกต้องของเอกสารยืนยันการกู้ยืมกองทุนเพื่อการศึกษา
569,N,ทำคำสั่งแต่งตั้งคณะกรรมการสโมสรนิสิตคณะศิลปศาสตร์
570,N,ทำหนังสือเพื่อเชิญวิทยากรการอบรม
571,N,นำข้อมูลนิสิตที่เข้าร่วมโครงการ กรอกในระบบ iServices UP
572,N,ประกาศให้นิสิตลงนามสัญญาการกู้ยืม
573,N,ประกาศให้นิสิตส่งเอกสารยืนยันการกู้ยืมกองทุนเพื่อการศึกษา
574,N,ประชาสัมพันธ์การเปิดรับสมัครประธานสโมสรนิสิตคณะศิลปศาสตร์และคณะกรรมการสโมสรนิสิต
575,N,ประชาสัมพันธ์กิจกรรม TO BE NUMBER ONE เพื่อให้นิสิตได้ทราบและเข้าร่วมกิจกรรม
576,N,ประชุมภายในหน่วยกิจการนิสิต การวางแผน กระบวน วิธีการ ภาระหน้าที่งาน จากกระบวนการต้นทาง กลางทาง ปลายทาง (PDCA)
577,N,ประสานงานแนะแนวอาชีพ และ TO BE NUMBER ONE
578,N,ประสานงานกับงานกีฬาและนันทนาการ
579,N,ประสานงานกับงานวินัยนิสิต กองกิจการนิสิต เพื่อแจ้งการขอทรานสคริปกิจกรรมในระบบ iServices UP
580,N,ประสานวิทยากรในช่วงเวลาการดำเนินโครงการ
581,N,รวบรวม ตรวจสอบ เอกสารลงนามสัญญาและส่งให้งานทุนการศึกษา กองพัฒนาคุณภาพนิสิตและนิสิตพิการ
582,N,รวบรวมข้อมูล วิเคราะห์ และจัดทำรายงานผลการดำเนินงานตามแผนปฏิบัติการประจำปี
583,N,รับเอกสารแบบฟอร์มขอบรรจุโครงการเข้าสู่ระบบทรานสคริปกิจกรรม 
584,N,รับเอกสารสัญญาการกู้ยืมจากงานทุนการศึกษา กองพัฒนาคุณภาพนิสิตและนิสิตพิการ
585,N,รายงานสถานะภาพของนิสิตที่เอกสารถูกต้องในระบบ DSL (ระบบการกู้ยืมเพื่อการศึกษาแบบออนไลน์)
586,N,วางนโยบายแผนงานรวมถึงหลักการบริหารงาน ที่สอดคล้องกับวิสัยทัศน์และพันธกิจของคณะศิลปศาสตร์ให้กับคณะกรรมการสโมสรนิสิต
587,N,วิเคราะห์ข้อมูลการเข้าร่วมกิจกรรมของนิสิตให้เป็นไปตามคุณลักษณะบัณฑิตที่พึงประสงค์ตามที่คณะและมหาวิทยาลัยกำหนด
588,N,ทำหนังสือเพื่อขอความอนุเคราะห์
